{"cameraMode":{"drawMode":0,"name":"Shaded","section":"Shading Mode"},"sceneLighting":false,"audioPlay":false,"sceneViewState":{"m_AlwaysRefresh":false,"showFog":false,"showSkybox":false,"showFlares":false,"showImageEffects":false,"showParticleSystems":false,"showVisualEffectGraphs":true,"m_FxEnabled":true},"in2DMode":false,"pivot":{"x":1.7557497024536133,"y":-0.08974981307983399,"z":0.4627387523651123},"rotation":{"x":0.0042466348968446259,"y":-0.9856039881706238,"z":0.16715863347053529,"w":0.025103852152824403},"size":1.3059316873550416,"orthographic":false}