{"cameraMode":{"drawMode":0,"name":"Shaded","section":"Shading Mode"},"sceneLighting":false,"audioPlay":false,"sceneViewState":{"m_AlwaysRefresh":false,"showFog":true,"showSkybox":false,"showFlares":true,"showImageEffects":true,"showParticleSystems":true,"showVisualEffectGraphs":true,"m_FxEnabled":true},"in2DMode":false,"pivot":{"x":-0.009796449914574623,"y":-0.13513971865177155,"z":-0.992653489112854},"rotation":{"x":-0.06775724142789841,"y":-0.0038940301164984705,"z":0.0002644206688273698,"w":-0.9976950287818909},"size":0.8132087588310242,"orthographic":false}