{"cameraMode":{"drawMode":0,"name":"Shaded","section":"Shading Mode"},"sceneLighting":false,"audioPlay":false,"sceneViewState":{"m_AlwaysRefresh":false,"showFog":true,"showSkybox":false,"showFlares":true,"showImageEffects":true,"showParticleSystems":true,"showVisualEffectGraphs":true,"m_FxEnabled":true},"in2DMode":false,"pivot":{"x":16.329565048217775,"y":-6.531280517578125,"z":13.848138809204102},"rotation":{"x":0.3355792760848999,"y":-0.02119719237089157,"z":0.007553605362772942,"w":0.9417448043823242},"size":27.66372299194336,"orthographic":false}