{"cameraMode":{"drawMode":0,"name":"Shaded","section":"Shading Mode"},"sceneLighting":true,"audioPlay":false,"sceneViewState":{"m_AlwaysRefresh":true,"showFog":true,"showSkybox":true,"showFlares":true,"showImageEffects":true,"showParticleSystems":true,"showVisualEffectGraphs":true,"m_FxEnabled":true},"in2DMode":false,"pivot":{"x":-4.205286979675293,"y":2.8817973136901857,"z":-0.7057009935379028},"rotation":{"x":0.07665427029132843,"y":-0.6949810981750488,"z":0.07492946833372116,"w":0.7110076546669006},"size":14.992348670959473,"orthographic":false}