{"cameraMode":{"drawMode":0,"name":"Shaded","section":"Shading Mode"},"sceneLighting":false,"audioPlay":false,"sceneViewState":{"m_AlwaysRefresh":false,"showFog":true,"showSkybox":false,"showFlares":true,"showImageEffects":true,"showParticleSystems":true,"showVisualEffectGraphs":true,"m_FxEnabled":true},"in2DMode":false,"pivot":{"x":9.731864929199219,"y":-1.7152395248413087,"z":8.013251304626465},"rotation":{"x":-0.10958901792764664,"y":-0.0023882153909653427,"z":0.0002620505401864648,"w":-0.9939783811569214},"size":1.870424509048462,"orthographic":false}