{"cameraMode":{"drawMode":0,"name":"Shaded","section":"Shading Mode"},"sceneLighting":true,"audioPlay":false,"sceneViewState":{"m_AlwaysRefresh":false,"showFog":true,"showSkybox":true,"showFlares":true,"showImageEffects":true,"showParticleSystems":true,"showVisualEffectGraphs":true,"m_FxEnabled":true},"in2DMode":false,"pivot":{"x":399.45257568359377,"y":255.13668823242188,"z":27.005279541015626},"rotation":{"x":-0.11247607320547104,"y":0.04082474485039711,"z":-0.00462555605918169,"w":-0.9928084015846252},"size":167.06716918945313,"orthographic":false}