{"cameraMode":{"drawMode":0,"name":"Shaded","section":"Shading Mode"},"sceneLighting":true,"audioPlay":false,"sceneViewState":{"m_AlwaysRefresh":false,"showFog":true,"showSkybox":true,"showFlares":true,"showImageEffects":true,"showParticleSystems":true,"showVisualEffectGraphs":true,"m_FxEnabled":true},"in2DMode":false,"pivot":{"x":102.056396484375,"y":503.08544921875,"z":0.5809860229492188},"rotation":{"x":-0.04829114302992821,"y":-0.0023998613469302656,"z":0.00011559715494513512,"w":-0.9988351464271545},"size":12.12435531616211,"orthographic":false}