{"cameraMode":{"drawMode":0,"name":"Shaded","section":"Shading Mode"},"sceneLighting":true,"audioPlay":false,"sceneViewState":{"m_AlwaysRefresh":false,"showFog":true,"showSkybox":true,"showFlares":true,"showImageEffects":true,"showParticleSystems":true,"showVisualEffectGraphs":true,"m_FxEnabled":true},"in2DMode":false,"pivot":{"x":1.8445720672607422,"y":-2.8051657676696779,"z":1.6519066095352173},"rotation":{"x":0.18044768273830415,"y":0.7172535061836243,"z":-0.20150049030780793,"w":0.6421831250190735},"size":6.817302703857422,"orthographic":false}