{"cameraMode":{"drawMode":0,"name":"Shaded","section":"Shading Mode"},"sceneLighting":true,"audioPlay":false,"sceneViewState":{"m_AlwaysRefresh":false,"showFog":true,"showSkybox":true,"showFlares":true,"showImageEffects":true,"showParticleSystems":true,"showVisualEffectGraphs":true,"m_FxEnabled":true},"in2DMode":false,"pivot":{"x":1.9307061433792115,"y":-2.3059329986572267,"z":3.085966110229492},"rotation":{"x":-0.0013915805611759425,"y":-0.9121078252792358,"z":0.40994811058044436,"w":-0.003028552047908306},"size":19.61907958984375,"orthographic":false}