{"cameraMode":{"drawMode":0,"name":"Shaded","section":"Shading Mode"},"sceneLighting":false,"audioPlay":false,"sceneViewState":{"m_AlwaysRefresh":false,"showFog":true,"showSkybox":false,"showFlares":true,"showImageEffects":true,"showParticleSystems":true,"showVisualEffectGraphs":true,"m_FxEnabled":true},"in2DMode":false,"pivot":{"x":-1.0973621606826783,"y":0.5915517210960388,"z":11.005342483520508},"rotation":{"x":0.0252576544880867,"y":-0.7383110523223877,"z":0.027708150446414949,"w":0.6734187006950378},"size":0.4031795263290405,"orthographic":false}