{"cameraMode":{"drawMode":0,"name":"Shaded","section":"Shading Mode"},"sceneLighting":false,"audioPlay":false,"sceneViewState":{"m_AlwaysRefresh":false,"showFog":true,"showSkybox":false,"showFlares":true,"showImageEffects":true,"showParticleSystems":true,"showVisualEffectGraphs":true,"m_FxEnabled":true},"in2DMode":false,"pivot":{"x":-5.500000953674316,"y":0.49999940395355227,"z":-0.2509007453918457},"rotation":{"x":0.40629222989082339,"y":-0.34393423795700076,"z":0.168434277176857,"w":0.8296231627464294},"size":5.0497541427612309,"orthographic":false}