{"cameraMode":{"drawMode":0,"name":"Shaded","section":"Shading Mode"},"sceneLighting":false,"audioPlay":false,"sceneViewState":{"m_AlwaysRefresh":false,"showFog":true,"showSkybox":false,"showFlares":true,"showImageEffects":true,"showParticleSystems":true,"showVisualEffectGraphs":true,"m_FxEnabled":true},"in2DMode":false,"pivot":{"x":-71.76441955566406,"y":-27.028905868530275,"z":118.37493896484375},"rotation":{"x":0.061367783695459369,"y":-0.889786422252655,"z":0.12576331198215486,"w":0.4344019293785095},"size":53.670223236083987,"orthographic":false}