{"cameraMode":{"drawMode":0,"name":"Shaded","section":"Shading Mode"},"sceneLighting":false,"audioPlay":false,"sceneViewState":{"m_AlwaysRefresh":false,"showFog":true,"showSkybox":false,"showFlares":true,"showImageEffects":true,"showParticleSystems":true,"showVisualEffectGraphs":true,"m_FxEnabled":true},"in2DMode":false,"pivot":{"x":-59.366790771484378,"y":-21.866901397705079,"z":100.06349182128906},"rotation":{"x":0.061367783695459369,"y":-0.889786422252655,"z":0.12576331198215486,"w":0.4344019293785095},"size":45.00577163696289,"orthographic":false}